round_num,aggregated_loss,agg
1,0.006242800271138549,{}
2,0.004660507896915078,{}
3,0.0039391746977344155,{}
4,0.0034397197887301445,{}
5,0.0031178061617538333,{}
